{"cameraMode":{"drawMode":0,"name":"Shaded","section":"Shading Mode"},"sceneLighting":true,"audioPlay":false,"sceneViewState":{"m_AlwaysRefresh":false,"showFog":true,"showSkybox":true,"showFlares":true,"showImageEffects":true,"showParticleSystems":true,"showVisualEffectGraphs":true,"m_FxEnabled":true},"in2DMode":false,"pivot":{"x":-2.1167309284210207,"y":3.894969940185547,"z":5.667400360107422},"rotation":{"x":0.053633902221918109,"y":0.8976296186447144,"z":-0.11398651450872421,"w":0.4223681390285492},"size":2.016127109527588,"orthographic":false}